MilliTime,Phase,AccX,AccY,AccZ,GyroX,GyroY,GyroZ,MagX,MagY,MagZ,LAT,LNG,ALT,Distance,Object_Distance,Azimuth,Angle,Direction,Fall
1740192909339,2,-6.8894,2.1854,6.997199999999999,1.1134,-1.0716,-0.0684,23.0,23.0,-174.0,0.0,0.0,0.0,16247972.965653453,0.0,150.61098853367966,74.80318880338811,-400.0,10.059851557552925
1740192909387,2,-6.8894,2.3324,6.8991999999999996,-0.9272,0.3572,0.8512,23.0,23.0,-174.0,0.0,0.0,0.0,16247972.965653453,0.0,150.61098853367966,74.80318880338811,-400.0,10.025112605851367
1740192909440,2,-6.859999999999999,2.1854,6.9874,1.938,-1.4706,-0.342,21.0,21.0,-172.0,0.0,0.0,0.0,16247972.965653453,0.0,149.57814783733218,74.80318880338811,-400.0,10.032912434582492
1740192909498,2,-6.8894,2.303,6.9384,-1.5276,-0.608,-0.4522,21.0,21.0,-172.0,0.0,0.0,0.0,16247972.965653453,0.0,149.57814783733218,74.80318880338811,-400.0,10.032912434582492
1740192909556,2,-6.8796,2.1854,6.997199999999999,1.6226,-0.0874,0.3686,17.0,17.0,-172.0,0.0,0.0,0.0,16247972.965653453,0.0,150.0760699749188,74.80318880338811,-400.0,10.045348969548048
1740192909609,2,-6.8796,2.1854,6.997199999999999,0.3876,-1.4858,-0.8588,17.0,17.0,-172.0,0.0,0.0,0.0,16247972.965653453,0.0,150.0760699749188,74.80318880338811,-400.0,10.053142650932593
1740192909652,2,-6.8894,2.2834,6.9384,-0.3344,1.1134,0.1254,17.0,17.0,-172.0,0.0,0.0,0.0,16247972.965653453,0.0,150.0760699749188,74.80318880338811,-400.0,10.040873591475993
1740192909704,2,-6.8796,2.2148,6.9874,0.7182,-0.969,-0.494,17.0,17.0,-172.0,0.0,0.0,0.0,16247972.965653453,0.0,150.0760699749188,74.80318880338811,-400.0,10.05276051440598
1740192909742,2,-6.8991999999999996,2.303,6.9188,-1.2882,-1.615,0.1938,21.0,21.0,-172.0,0.0,0.0,0.0,16247972.965653453,0.0,149.82647997035568,74.80318880338811,-400.0,10.05276051440598
1740192909789,2,-6.8991999999999996,2.303,6.9188,1.1476,1.2616,0.1178,21.0,21.0,-172.0,0.0,0.0,0.0,16247972.965653453,0.0,149.82647997035568,74.80318880338811,-400.0,10.038553834093833
1740192909820,2,-6.8894,2.205,6.997199999999999,2.2572,0.7258,-0.8132,23.0,23.0,-174.0,0.0,0.0,0.0,16247972.965653453,0.0,150.86158935974518,74.80318880338811,-400.0,10.064127642274814
1740192909894,2,-6.8796,2.2932,6.928599999999999,-0.0418,1.159,0.2812,23.0,23.0,-174.0,0.0,0.0,0.0,16247972.965653453,0.0,150.86158935974518,74.80318880338811,-400.0,10.029614168052527
1740192909952,2,-6.8894,2.2246,6.958,-1.748,-1.4972,0.8398,18.0,18.0,-174.0,0.0,0.0,0.0,16247972.965653453,0.0,150.61098853367966,74.80318880338811,-400.0,10.041237051280087
1740192909989,2,-6.8894,2.2246,6.958,0.0646,0.475,0.1634,18.0,18.0,-174.0,0.0,0.0,0.0,16247972.965653453,0.0,150.61098853367966,74.80318880338811,-400.0,10.041237051280087
1740192910036,2,-6.8796,2.2441999999999998,6.9677999999999995,1.6302,1.3338,0.1862,18.0,18.0,-172.0,0.0,0.0,0.0,16247972.965653453,0.0,151.34288254344187,74.80318880338811,-400.0,10.045674026166687
1740192910094,2,-6.9188,2.2638,6.9482,-2.2914,0.2394,0.2166,18.0,18.0,-172.0,0.0,0.0,0.0,16247972.965653453,0.0,151.34288254344187,74.80318880338811,-400.0,10.063402363018186
1740192910147,2,-6.859999999999999,2.2246,6.9874,0.684,-0.1596,0.5282,21.0,21.0,-172.0,0.0,0.0,0.0,16247972.965653453,0.0,151.0870065357377,74.80318880338811,-400.0,10.041523983937896
1740192910221,2,-6.928599999999999,2.254,6.9677999999999995,-1.4972,-0.7106,-0.6954,18.0,18.0,-173.0,0.0,0.0,0.0,16247972.965653453,0.0,151.0870065357377,74.80318880338811,-400.0,10.081480585707636
1740192910285,2,-6.8404,2.2441999999999998,6.9384,0.285,0.3838,-0.4446,18.0,18.0,-173.0,0.0,0.0,0.0,16247972.965653453,0.0,150.46957476773287,74.80318880338811,-400.0,9.998444897082745
1740192910338,2,-6.928599999999999,2.2148,6.997199999999999,-1.5466,-1.0526,0.228,20.0,20.0,-173.0,0.0,0.0,0.0,16247972.965653453,0.0,150.46957476773287,74.80318880338811,-400.0,10.093148410679394
1740192910401,2,-6.8502,2.2638,6.9384,1.5124,-0.1406,-0.1672,20.0,20.0,-173.0,0.0,0.0,0.0,16247972.965653453,0.0,150.72092778582277,74.80318880338811,-400.0,10.009566675935577
1740192910460,2,-6.909,2.2344,6.9677999999999995,-1.8544,-1.1628,0.722,23.0,23.0,-170.0,0.0,0.0,0.0,16247972.965653453,0.0,149.78549168336812,74.80318880338811,-400.0,10.063650490751355
1740192910507,2,-6.8502,2.2344,6.9482,0.7448,0.6156,0.0,23.0,23.0,-170.0,0.0,0.0,0.0,16247972.965653453,0.0,149.78549168336812,74.80318880338811,-400.0,10.009758570515075
1740192910556,2,-6.8502,2.2736,6.9384,-1.0944,-0.3116,-0.3192,19.0,19.0,-172.0,0.0,0.0,0.0,16247972.965653453,0.0,150.0760699749188,74.80318880338811,-400.0,10.009758570515075
1740192910617,2,-6.909,2.2736,6.9384,0.2166,0.3648,-0.1026,17.0,17.0,-172.0,0.0,0.0,0.0,16247972.965653453,0.0,150.0760699749188,74.80318880338811,-400.0,10.052110848970976
1740192910661,2,-6.8796,2.2246,6.9776,-0.2204,-0.4674,0.2774,17.0,17.0,-172.0,0.0,0.0,0.0,16247972.965653453,0.0,150.8323866204222,74.80318880338811,-400.0,10.048116394628398
1740192910715,2,-6.8796,2.2246,6.9776,0.4028,-0.1064,-0.722,17.0,17.0,-172.0,0.0,0.0,0.0,16247972.965653453,0.0,150.8323866204222,74.80318880338811,-400.0,10.048116394628398
1740192910742,2,-6.8894,2.2834,6.9384,-1.7062,-0.2052,-0.114,18.0,18.0,-171.0,0.0,0.0,0.0,16247972.965653453,0.0,150.18300322255814,74.80318880338811,-400.0,10.048116394628398
1740192910807,2,-6.8894,2.1952,6.997199999999999,0.1444,-0.7106,0.6802,18.0,18.0,-171.0,0.0,0.0,0.0,16247972.965653453,0.0,150.18300322255814,74.80318880338811,-400.0,10.040873591475993
1740192910851,2,-6.8894,2.1952,6.997199999999999,1.0222,0.2204,0.6232,21.0,21.0,-174.0,0.0,0.0,0.0,16247972.965653453,0.0,152.13299615034313,74.80318880338811,-400.0,10.061985054650002
1740192910912,2,-6.8894,2.2736,6.9482,-0.684,0.5206,0.114,21.0,21.0,-174.0,0.0,0.0,0.0,16247972.965653453,0.0,152.13299615034313,74.80318880338811,-400.0,10.045425454404606
1740192910988,2,-6.8698,2.254,6.958,1.8164,-0.7828,-0.6346,21.0,21.0,-175.0,0.0,0.0,0.0,16247972.965653453,0.0,150.25511870305778,74.80318880338811,-400.0,10.034362562714186
1740192911060,2,-6.909,2.2148,6.928599999999999,-2.1812,0.7676,-0.3572,19.0,19.0,-173.0,0.0,0.0,0.0,16247972.965653453,0.0,150.97352342910662,74.80318880338811,-400.0,10.032204044974364
1740192911127,2,-6.8894,2.1854,6.997199999999999,1.2426,-0.8056,0.7714,20.0,20.0,-173.0,0.0,0.0,0.0,16247972.965653453,0.0,150.97352342910662,74.80318880338811,-400.0,10.059851557552925
1740192911166,2,-6.8894,2.1854,6.997199999999999,-1.0906,-0.836,0.722,20.0,20.0,-173.0,0.0,0.0,0.0,16247972.965653453,0.0,150.97352342910662,74.80318880338811,-400.0,10.059851557552925
1740192911215,2,-6.8796,2.2932,6.9384,-0.5434,0.0266,0.7486,20.0,20.0,-173.0,0.0,0.0,0.0,16247972.965653453,0.0,150.97352342910662,74.80318880338811,-400.0,10.036386648590218
1740192911244,2,-6.8796,2.2932,6.9384,0.076,-0.2432,0.5814,18.0,18.0,-174.0,0.0,0.0,0.0,16247972.965653453,0.0,150.61098853367966,74.80318880338811,-400.0,10.036386648590218
1740192911288,2,-6.8796,2.2148,6.9874,-0.4294,-1.216,0.0836,18.0,18.0,-174.0,0.0,0.0,0.0,16247972.965653453,0.0,150.61098853367966,74.80318880338811,-400.0,10.05276051440598
1740192911354,2,-6.8796,2.2834,6.9482,-1.102,0.2584,0.3002,16.0,16.0,-173.0,0.0,0.0,0.0,16247972.965653453,0.0,150.61098853367966,74.80318880338811,-400.0,10.04093098074078
1740192911398,2,-6.8796,2.2246,6.9677999999999995,0.057,-0.8474,-0.2394,16.0,16.0,-173.0,0.0,0.0,0.0,16247972.965653453,0.0,150.46957476773287,74.80318880338811,-400.0,10.041313567457196
1740192911436,2,-6.8796,2.2246,6.9482,-1.2464,0.5434,-0.1102,17.0,17.0,-172.0,0.0,0.0,0.0,16247972.965653453,0.0,150.46957476773287,74.80318880338811,-400.0,10.027722800317129
1740192911491,2,-6.8894,2.254,6.9482,0.551,0.5472,-0.0874,17.0,17.0,-172.0,0.0,0.0,0.0,16247972.965653453,0.0,149.57814783733218,74.80318880338811,-400.0,10.041007499250263
1740192911553,2,-6.8796,2.2441999999999998,6.9677999999999995,-0.2052,-0.3572,0.1064,15.0,15.0,-172.0,0.0,0.0,0.0,16247972.965653453,0.0,149.57814783733218,74.80318880338811,-400.0,10.045674026166687
1740192911630,2,-6.8796,2.2638,6.958,0.4826,1.4934,-0.3686,16.0,16.0,-174.0,0.0,0.0,0.0,16247972.965653453,0.0,150.0760699749188,74.80318880338811,-400.0,10.043278876940539
1740192911700,2,-6.8698,2.2246,6.9677999999999995,0.0684,0.988,0.1634,16.0,16.0,-174.0,0.0,0.0,0.0,16247972.965653453,0.0,150.86158935974518,74.80318880338811,-400.0,10.03460183764159
1740192911747,2,-6.909,2.2638,6.9482,1.4174,-0.6536,-0.3648,17.0,17.0,-173.0,0.0,0.0,0.0,16247972.965653453,0.0,151.73875855842766,74.80318880338811,-400.0,10.03460183764159
1740192911780,2,-6.909,2.2638,6.9482,-0.3572,-0.285,0.1596,17.0,17.0,-173.0,0.0,0.0,0.0,16247972.965653453,0.0,151.73875855842766,74.80318880338811,-400.0,10.056667175560698
1740192911857,2,-6.8698,2.2246,6.9776,-0.8398,-0.7828,-0.3648,17.0,17.0,-174.0,0.0,0.0,0.0,16247972.965653453,0.0,151.73875855842766,74.80318880338811,-400.0,10.041409211858662
1740192911912,2,-6.928599999999999,2.2834,6.9384,-0.3002,-0.3534,0.247,17.0,17.0,-174.0,0.0,0.0,0.0,16247972.965653453,0.0,150.61098853367966,74.80318880338811,-400.0,10.067810490866423
1740192911983,2,-6.8502,2.1854,6.9874,-1.5352,-0.1596,0.8778,22.0,22.0,-171.0,0.0,0.0,0.0,16247972.965653453,0.0,149.68110379924266,74.80318880338811,-400.0,10.02621423868451
1740192912027,2,-6.909,2.3127999999999997,6.928599999999999,0.475,1.6188,-0.5852,20.0,20.0,-174.0,0.0,0.0,0.0,16247972.965653453,0.0,151.36647440149943,74.80318880338811,-400.0,10.054293749438594
1740192912093,2,-6.8698,2.205,6.9776,1.0146,0.722,-0.114,20.0,20.0,-174.0,0.0,0.0,0.0,16247972.965653453,0.0,151.36647440149943,74.80318880338811,-400.0,10.037085174491647
1740192912154,2,-6.909,2.254,6.958,-1.4402,-0.095,-0.893,13.0,13.0,-173.0,0.0,0.0,0.0,16247972.965653453,0.0,151.2273610435155,74.80318880338811,-400.0,10.06124052987503
1740192912176,2,-6.909,2.254,6.958,-3.2376,0.646,-0.0532,13.0,13.0,-173.0,0.0,0.0,0.0,16247972.965653453,0.0,150.2194648311738,74.80318880338811,-400.0,10.06124052987503
1740192912232,2,-6.8502,2.254,6.958,1.1438,1.3566,1.6492,20.0,20.0,-173.0,0.0,0.0,0.0,16247972.965653453,0.0,150.2194648311738,74.80318880338811,-400.0,10.020954048392799
1740192912282,2,-6.928599999999999,2.2246,6.9677999999999995,-2.6372,-0.038,0.3154,20.0,20.0,-173.0,0.0,0.0,0.0,16247972.965653453,0.0,151.4824397735224,74.80318880338811,-400.0,10.074948136839216
1740192912331,2,-6.8404,2.2834,6.928599999999999,-0.5966,1.6226,0.5472,20.0,20.0,-172.0,0.0,0.0,0.0,16247972.965653453,0.0,151.4824397735224,74.80318880338811,-400.0,10.000524270257035
1740192912359,2,-6.8404,2.2834,6.928599999999999,1.216,1.3072,0.9918,19.0,19.0,-172.0,0.0,0.0,0.0,16247972.965653453,0.0,149.82647997035568,74.80318880338811,-400.0,10.000524270257035
1740192912391,2,-6.928599999999999,2.1755999999999998,7.007,2.337,-1.691,-0.0798,19.0,19.0,-172.0,0.0,0.0,0.0,16247972.965653453,0.0,149.82647997035568,74.80318880338811,-400.0,10.091421223990206
1740192912431,2,-6.928599999999999,2.1755999999999998,7.007,-2.945,-0.5206,-0.4522,20.0,20.0,-174.0,0.0,0.0,0.0,16247972.965653453,0.0,149.82647997035568,74.80318880338811,-400.0,10.091421223990206
1740192912463,2,-6.8404,2.3618,6.8894,-4.0508,0.5054,0.7486,20.0,20.0,-174.0,0.0,0.0,0.0,16247972.965653453,0.0,150.11347305957597,74.80318880338811,-400.0,9.991646699118219
1740192912507,2,-6.909,2.1069999999999998,7.0266,3.23,-0.8778,0.4104,20.0,20.0,-174.0,0.0,0.0,0.0,16247972.965653453,0.0,150.11347305957597,74.80318880338811,-400.0,10.077045080776408
1740192912535,2,-6.909,2.1069999999999998,7.0266,1.3072,-3.5986,0.4712,18.0,18.0,-170.0,0.0,0.0,0.0,16247972.965653453,0.0,150.29142781068973,74.80318880338811,-400.0,10.077045080776408
1740192912584,2,-6.8894,2.352,6.8991999999999996,-2.546,2.4206,-0.2508,18.0,18.0,-170.0,0.0,0.0,0.0,16247972.965653453,0.0,150.29142781068973,74.80318880338811,-400.0,10.02969077290023
1740192912672,2,-6.8796,2.1462,7.0266,0.1216,-3.1122,-0.2926,22.0,22.0,-172.0,0.0,0.0,0.0,16247972.965653453,0.0,149.82647997035568,74.80318880338811,-400.0,10.065196379604325
1740192912755,2,-6.909,2.3226,6.9776,-0.1824,1.2274,1.0868,23.0,23.0,-173.0,0.0,0.0,0.0,16247972.965653453,0.0,149.97059823848534,74.80318880338811,-400.0,10.090374300292332
1740192912793,2,-6.859999999999999,2.1952,6.9776,2.09,-2.5384,-0.2926,23.0,23.0,-173.0,0.0,0.0,0.0,16247972.965653453,0.0,150.72092778582277,74.80318880338811,-400.0,10.028230392247677
1740192912842,2,-6.9188,2.2834,6.9384,-0.684,0.5168,-0.8778,18.0,18.0,-174.0,0.0,0.0,0.0,16247972.965653453,0.0,159.5161611435932,74.80318880338811,-400.0,10.061068708641244
1740192912892,2,-6.8404,2.2441999999999998,6.9482,0.5244,0.4636,-0.1482,18.0,18.0,-174.0,0.0,0.0,0.0,16247972.965653453,0.0,151.36647440149943,74.80318880338811,-400.0,10.005248074885499
1740192912913,2,-6.8404,2.2441999999999998,6.9482,0.2166,-0.3154,-0.2736,18.0,18.0,-174.0,0.0,0.0,0.0,16247972.965653453,0.0,151.36647440149943,74.80318880338811,-400.0,10.005248074885499
1740192912964,2,-6.928599999999999,2.2441999999999998,6.9677999999999995,-0.646,-0.6384,0.4712,17.0,17.0,-172.0,0.0,0.0,0.0,16247972.965653453,0.0,150.0760699749188,74.80318880338811,-400.0,10.079294044723568
1740192913012,2,-6.859999999999999,2.2344,6.9677999999999995,0.9196,0.8208,0.0152,17.0,17.0,-172.0,0.0,0.0,0.0,16247972.965653453,0.0,150.0760699749188,74.80318880338811,-400.0,10.030073788362674
1740192913058,2,-6.859999999999999,2.2344,6.9677999999999995,-0.6992,-1.2578,0.0304,17.0,17.0,-174.0,0.0,0.0,0.0,16247972.965653453,0.0,151.1134182330893,74.80318880338811,-400.0,10.030073788362674
1740192913142,2,-6.8698,2.2148,6.9874,0.1976,-0.019,-0.2318,18.0,18.0,-171.0,0.0,0.0,0.0,16247972.965653453,0.0,151.1134182330893,74.80318880338811,-400.0,10.04605643225241
1740192913196,2,-6.8796,2.2834,6.9384,-2.0026,0.5282,0.2698,18.0,18.0,-171.0,0.0,0.0,0.0,16247972.965653453,0.0,150.18300322255814,74.80318880338811,-400.0,10.027435472741772
1740192913241,2,-6.8796,2.2834,6.9384,0.7068,2.6828,0.3838,25.0,25.0,-172.0,0.0,0.0,0.0,16247972.965653453,0.0,150.18300322255814,74.80318880338811,-400.0,10.034151996058261
1740192913289,2,-6.8894,2.205,6.9874,0.2736,-1.1476,-0.5852,25.0,25.0,-172.0,0.0,0.0,0.0,16247972.965653453,0.0,149.57814783733218,74.80318880338811,-400.0,10.05731654667387
1740192913344,2,-6.8894,2.2834,6.9384,-0.7182,0.1938,1.1666,17.0,17.0,-173.0,0.0,0.0,0.0,16247972.965653453,0.0,149.72297506175022,74.80318880338811,-400.0,10.040873591475993
1740192913393,2,-6.8894,2.205,6.9874,1.0298,-0.5206,-0.0836,17.0,17.0,-173.0,0.0,0.0,0.0,16247972.965653453,0.0,150.97352342910662,74.80318880338811,-400.0,10.05731654667387
1740192913443,2,-6.8894,2.303,6.9384,-2.3712,0.2964,0.3762,20.0,20.0,-172.0,0.0,0.0,0.0,16247972.965653453,0.0,150.97352342910662,74.80318880338811,-400.0,10.05731654667387
1740192913499,2,-6.8894,2.303,6.9384,1.1324,0.266,0.4104,20.0,20.0,-172.0,0.0,0.0,0.0,16247972.965653453,0.0,150.57902355375086,74.80318880338811,-400.0,10.045348969548048
1740192913572,2,-6.8796,2.2638,6.9384,-0.4978,0.0076,-0.3116,19.0,19.0,-172.0,0.0,0.0,0.0,16247972.965653453,0.0,150.32691788792218,74.80318880338811,-400.0,10.05731654667387
1740192913609,2,-6.8796,2.2638,6.9384,-0.4256,-0.2622,0.2394,19.0,19.0,-172.0,0.0,0.0,0.0,16247972.965653453,0.0,150.32691788792218,74.80318880338811,-400.0,10.029709924020734
1740192913676,2,-6.8894,2.2344,6.9677999999999995,-0.6992,-0.7562,0.0532,21.0,21.0,-171.0,0.0,0.0,0.0,16247972.965653453,0.0,149.93141717813756,74.80318880338811,-400.0,10.050204602892421
1740192913737,2,-6.8894,2.2441999999999998,6.9482,-0.5776,0.9614,1.4668,18.0,18.0,-172.0,0.0,0.0,0.0,16247972.965653453,0.0,149.93141717813756,74.80318880338811,-400.0,10.03881214287826
1740192913796,2,-6.8991999999999996,2.2344,6.958,-1.2654,-1.0412,0.1748,18.0,18.0,-172.0,0.0,0.0,0.0,16247972.965653453,0.0,150.0760699749188,74.80318880338811,-400.0,10.050137710499294
1740192913859,2,-6.8796,2.254,6.9482,0.361,-0.7258,0.5852,22.0,22.0,-172.0,0.0,0.0,0.0,16247972.965653453,0.0,150.0760699749188,74.80318880338811,-400.0,10.034285993532375
1740192913924,2,-6.8991999999999996,2.2441999999999998,6.958,-0.95,-0.5396,0.1976,22.0,22.0,-172.0,0.0,0.0,0.0,16247972.965653453,0.0,150.32691788792218,74.80318880338811,-400.0,10.052321039441587
1740192913963,2,-6.8796,2.2441999999999998,6.958,-0.1938,-0.3078,-0.1482,17.0,17.0,-171.0,0.0,0.0,0.0,16247972.965653453,0.0,150.32691788792218,74.80318880338811,-400.0,10.038879110737414
1740192914021,2,-6.8894,2.254,6.9677999999999995,-0.5168,0.3116,0.3762,17.0,17.0,-171.0,0.0,0.0,0.0,16247972.965653453,0.0,149.93141717813756,74.80318880338811,-400.0,10.054580309490795
1740192914060,2,-6.8894,2.254,6.9677999999999995,0.8854,-1.5428,0.2394,22.0,22.0,-171.0,0.0,0.0,0.0,16247972.965653453,0.0,150.43586188746679,74.80318880338811,-400.0,10.054580309490795
1740192914115,2,-6.8894,2.2441999999999998,6.9482,-1.1856,0.3838,0.399,22.0,22.0,-171.0,0.0,0.0,0.0,16247972.965653453,0.0,150.43586188746679,74.80318880338811,-400.0,10.03881214287826
1740192914150,2,-6.8698,2.2344,6.9776,1.4288,-0.6612,0.1482,19.0,19.0,-174.0,0.0,0.0,0.0,16247972.965653453,0.0,150.61098853367966,74.80318880338811,-400.0,10.043584875929511
1740192914193,2,-6.8698,2.2344,6.9776,-0.6612,-0.0038,0.171,19.0,19.0,-174.0,0.0,0.0,0.0,16247972.965653453,0.0,150.61098853367966,74.80318880338811,-400.0,10.043584875929511
1740192914247,2,-6.909,2.2638,6.9482,0.2584,0.2432,0.2546,19.0,19.0,-172.0,0.0,0.0,0.0,16247972.965653453,0.0,150.61098853367966,74.80318880338811,-400.0,10.056667175560698
1740192914308,2,-6.8698,2.2148,6.9677999999999995,-0.9842,-0.8892,0.3002,19.0,19.0,-172.0,0.0,0.0,0.0,16247972.965653453,0.0,150.0760699749188,74.80318880338811,-400.0,10.032433798435951
1740192914349,2,-6.909,2.2736,6.9482,0.1482,1.463,-0.0152,19.0,19.0,-173.0,0.0,0.0,0.0,16247972.965653453,0.0,150.0760699749188,74.80318880338811,-400.0,10.058877730641724
1740192914386,2,-6.8796,2.2344,6.9677999999999995,0.2356,0.57,-0.2432,19.0,19.0,-173.0,0.0,0.0,0.0,16247972.965653453,0.0,150.72092778582277,74.80318880338811,-400.0,10.04348925224695
1740192914426,2,-6.8796,2.2344,6.9677999999999995,-0.3458,-0.3648,-0.0342,19.0,19.0,-173.0,0.0,0.0,0.0,16247972.965653453,0.0,150.72092778582277,74.80318880338811,-400.0,10.04348925224695
1740192914492,2,-6.8991999999999996,2.2344,6.958,0.3724,0.0456,-0.2432,21.0,21.0,-174.0,0.0,0.0,0.0,16247972.965653453,0.0,149.62087398863167,74.80318880338811,-400.0,10.050137710499294
1740192914548,2,-6.8991999999999996,2.2638,6.9482,-0.2508,-0.4598,-0.8132,19.0,19.0,-173.0,0.0,0.0,0.0,16247972.965653453,0.0,149.62087398863167,74.80318880338811,-400.0,10.0499370306485
1740192914630,2,-6.8698,2.2638,6.958,0.0646,-0.3914,0.9348,19.0,19.0,-173.0,0.0,0.0,0.0,16247972.965653453,0.0,150.72092778582277,74.80318880338811,-400.0,10.029978035868274
1740192914686,2,-6.8991999999999996,2.2638,6.958,-1.6264,0.114,1.045,20.0,20.0,-173.0,0.0,0.0,0.0,16247972.965653453,0.0,150.46957476773287,74.80318880338811,-400.0,10.056714924864878
1740192914741,2,-6.8698,2.2344,6.9482,-0.228,-0.8094,-0.2052,16.0,16.0,-173.0,0.0,0.0,0.0,16247972.965653453,0.0,150.46957476773287,74.80318880338811,-400.0,10.023182061600997
1740192914788,2,-6.8991999999999996,2.254,6.958,-1.463,-0.0304,0.209,16.0,16.0,-173.0,0.0,0.0,0.0,16247972.965653453,0.0,149.72297506175022,74.80318880338811,-400.0,10.054513446209121
1740192914859,2,-6.859999999999999,2.2441999999999998,6.958,0.7372,-1.1552,0.6954,17.0,17.0,-173.0,0.0,0.0,0.0,16247972.965653453,0.0,149.72297506175022,74.80318880338811,-400.0,10.025457477841098
1740192914915,2,-6.928599999999999,2.2441999999999998,6.9677999999999995,-1.7176,-0.4864,0.6954,17.0,17.0,-173.0,0.0,0.0,0.0,16247972.965653453,0.0,149.47659518653705,74.80318880338811,-400.0,10.079294044723568
1740192914953,2,-6.8502,2.2344,6.958,0.1938,0.4028,0.3838,18.0,18.0,-172.0,0.0,0.0,0.0,16247972.965653453,0.0,150.0760699749188,74.80318880338811,-400.0,10.079294044723568
1740192915007,2,-6.8502,2.2344,6.958,-1.7632,-1.463,0.1368,18.0,18.0,-172.0,0.0,0.0,0.0,16247972.965653453,0.0,150.0760699749188,74.80318880338811,-400.0,10.016563652271172
1740192915068,2,-6.9188,2.2932,6.9384,0.6156,-0.038,0.0532,18.0,18.0,-172.0,0.0,0.0,0.0,16247972.965653453,0.0,150.0760699749188,74.80318880338811,-400.0,10.063297384058567
1740192915112,2,-6.859999999999999,2.1854,6.9776,0.855,-0.4294,0.5282,18.0,18.0,-172.0,0.0,0.0,0.0,16247972.965653453,0.0,150.0760699749188,74.80318880338811,-400.0,10.026089712345485
1740192915194,2,-6.928599999999999,2.2834,6.9384,-1.9228,0.6688,0.7752,22.0,22.0,-172.0,0.0,0.0,0.0,16247972.965653453,0.0,149.57814783733218,74.80318880338811,-400.0,10.067810490866423
1740192915250,2,-6.8502,2.2344,6.958,1.2464,-1.558,0.2622,20.0,20.0,-174.0,0.0,0.0,0.0,16247972.965653453,0.0,149.57814783733218,74.80318880338811,-400.0,10.016563652271172
1740192915336,2,-6.8208,2.254,6.9482,-0.2774,3.2794,0.057,20.0,20.0,-174.0,0.0,0.0,0.0,16247972.965653453,0.0,150.61098853367966,74.80318880338811,-400.0,9.99406383209553
1740192915389,2,-6.9776,2.2246,6.9776,3.078,-1.3338,-0.1102,16.0,16.0,-174.0,0.0,0.0,0.0,16247972.965653453,0.0,149.86655895418448,74.80318880338811,-400.0,9.99406383209553
1740192915434,2,-6.9776,2.2246,6.9776,-4.5144,-0.5776,0.684,16.0,16.0,-174.0,0.0,0.0,0.0,16247972.965653453,0.0,149.86655895418448,74.80318880338811,-400.0,10.115465816263727
1740192915505,2,-6.791399999999999,2.2736,6.928599999999999,2.2724,-1.6188,0.057,21.0,21.0,-174.0,0.0,0.0,0.0,16247972.965653453,0.0,150.61098853367966,74.80318880338811,-400.0,9.964831603193302
1740192915532,2,-6.9874,2.2441999999999998,6.9677999999999995,-0.4712,-3.5264,-0.9424,21.0,21.0,-174.0,0.0,0.0,0.0,16247972.965653453,0.0,150.61098853367966,74.80318880338811,-400.0,10.119803814303912
1740192915616,2,-6.7816,2.2344,6.928599999999999,2.774,-0.2356,0.3724,17.0,17.0,-171.0,0.0,0.0,0.0,16247972.965653453,0.0,149.18429424827082,74.80318880338811,-400.0,9.949278359760571
1740192915692,2,-6.997199999999999,2.2441999999999998,6.9776,-2.5042,0.4978,0.2432,25.0,25.0,-173.0,0.0,0.0,0.0,16247972.965653453,0.0,151.2273610435155,74.80318880338811,-400.0,10.133318471261031
1740192915748,2,-6.8012,2.254,6.9384,0.7676,1.1438,1.045,20.0,20.0,-173.0,0.0,0.0,0.0,16247972.965653453,0.0,151.2273610435155,74.80318880338811,-400.0,9.973877480699269
1740192915819,2,-6.9776,2.1952,6.997199999999999,-1.8126,0.2622,-0.0646,20.0,20.0,-173.0,0.0,0.0,0.0,16247972.965653453,0.0,150.97352342910662,74.80318880338811,-400.0,10.122579347182219
1740192915902,2,-6.9384,2.1755999999999998,6.997199999999999,0.5054,-1.1058,0.6574,17.0,17.0,-173.0,0.0,0.0,0.0,16247972.965653453,0.0,151.4824397735224,74.80318880338811,-400.0,10.091354604809009
1740192915940,2,-6.9384,2.1755999999999998,6.997199999999999,0.1368,-1.3756,-0.0646,17.0,17.0,-173.0,0.0,0.0,0.0,16247972.965653453,0.0,151.4824397735224,74.80318880338811,-400.0,10.091354604809009
1740192915989,2,-6.8796,2.2736,6.9384,-1.4858,0.8664,0.3572,21.0,21.0,-174.0,0.0,0.0,0.0,16247972.965653453,0.0,150.36161631184865,74.80318880338811,-400.0,10.031926419187892
1740192916054,2,-6.8698,2.2441999999999998,6.9677999999999995,2.0178,-0.8132,-0.741,21.0,21.0,-173.0,0.0,0.0,0.0,16247972.965653453,0.0,150.36161631184865,74.80318880338811,-400.0,10.038965211614192
1740192916115,2,-6.9188,2.2246,6.9677999999999995,-1.3072,-0.3686,-0.1216,21.0,21.0,-173.0,0.0,0.0,0.0,16247972.965653453,0.0,149.72297506175022,74.80318880338811,-400.0,10.068211134059515
1740192916159,2,-6.859999999999999,2.2736,6.9384,-1.0146,0.8512,-0.133,16.0,16.0,-172.0,0.0,0.0,0.0,16247972.965653453,0.0,150.57902355375086,74.80318880338811,-400.0,10.018495471876003
1740192916204,2,-6.859999999999999,2.2736,6.9384,1.5808,-0.5738,-0.7448,16.0,16.0,-172.0,0.0,0.0,0.0,16247972.965653453,0.0,150.57902355375086,74.80318880338811,-400.0,10.018495471876003
1740192916286,2,-6.8698,2.2932,6.9188,-1.7746,1.4326,-0.3078,20.0,20.0,-174.0,0.0,0.0,0.0,16247972.965653453,0.0,150.86158935974518,74.80318880338811,-400.0,10.016122589106025
1740192916373,2,-6.8991999999999996,2.1854,6.997199999999999,-0.7638,-1.0374,0.7676,15.0,15.0,-171.0,0.0,0.0,0.0,16247972.965653453,0.0,150.86158935974518,74.80318880338811,-400.0,10.066565533487575
1740192916418,2,-6.8991999999999996,2.2736,6.9384,-1.8544,0.9272,0.4104,15.0,15.0,-171.0,0.0,0.0,0.0,16247972.965653453,0.0,151.20207014983123,74.80318880338811,-400.0,10.0453776514375
1740192916469,2,-6.8796,2.2148,6.9677999999999995,0.1482,0.0988,0.665,18.0,18.0,-172.0,0.0,0.0,0.0,16247972.965653453,0.0,143.7750557444797,74.80318880338811,-400.0,10.039146977706821
1740192916534,2,-6.9188,2.2344,6.9677999999999995,-0.1368,-0.209,0.0418,18.0,18.0,-172.0,0.0,0.0,0.0,16247972.965653453,0.0,150.32691788792218,74.80318880338811,-400.0,10.070381007687843
1740192916594,2,-6.859999999999999,2.2638,6.928599999999999,-0.5624,1.387,0.1102,21.0,21.0,-173.0,0.0,0.0,0.0,16247972.965653453,0.0,150.2194648311738,74.80318880338811,-400.0,10.009489917073696
1740192916667,2,-6.909,2.2344,6.9677999999999995,0.7638,0.0912,-0.969,21.0,21.0,-174.0,0.0,0.0,0.0,16247972.965653453,0.0,150.2194648311738,74.80318880338811,-400.0,10.063650490751355
1740192916700,2,-6.909,2.2344,6.9677999999999995,0.1444,0.665,0.019,21.0,21.0,-174.0,0.0,0.0,0.0,16247972.965653453,0.0,150.61098853367966,74.80318880338811,-400.0,10.063650490751355
1740192916740,2,-6.8796,2.2148,6.9776,1.0944,-0.8018,-0.6764,21.0,21.0,-174.0,0.0,0.0,0.0,16247972.965653453,0.0,150.61098853367966,74.80318880338811,-400.0,10.045951272029942
1740192916822,2,-6.909,2.303,6.9188,1.0754,1.4782,0.38,16.0,16.0,-174.0,0.0,0.0,0.0,16247972.965653453,0.0,150.61098853367966,74.80318880338811,-400.0,10.045291605523456
1740192916871,2,-6.859999999999999,2.1658,6.997199999999999,1.7973999999999999,-1.4174,-0.323,18.0,18.0,-174.0,0.0,0.0,0.0,16247972.965653453,0.0,149.86655895418448,74.80318880338811,-400.0,10.035491890286195
1740192916915,2,-6.9384,2.3226,6.909,-3.3364,-1.2654,-0.3078,18.0,18.0,-174.0,0.0,0.0,0.0,16247972.965653453,0.0,149.86655895418448,74.80318880338811,-400.0,10.063306927645602
1740192916976,2,-6.8208,2.1462,7.0266,2.9222,0.0912,0.9538,18.0,18.0,-172.0,0.0,0.0,0.0,16247972.965653453,0.0,150.32691788792218,74.80318880338811,-400.0,10.025098235927667
1740192917041,2,-6.958,2.3422,6.909,-3.6822,1.4934,-0.19,18.0,18.0,-172.0,0.0,0.0,0.0,16247972.965653453,0.0,150.32691788792218,74.80318880338811,-400.0,10.081366268517378
1740192917076,2,-6.958,2.3422,6.909,1.0944,2.3636,-0.1102,17.0,17.0,-173.0,0.0,0.0,0.0,16247972.965653453,0.0,150.2194648311738,74.80318880338811,-400.0,10.081366268517378
1740192917125,2,-6.8306,2.156,6.9776,0.76,-1.9874,-0.1634,17.0,17.0,-173.0,0.0,0.0,0.0,16247972.965653453,0.0,150.2194648311738,74.80318880338811,-400.0,9.999616698654004
1740192917190,2,-6.9482,2.303,6.9384,-0.4826,1.4782,0.4142,20.0,20.0,-173.0,0.0,0.0,0.0,16247972.965653453,0.0,149.97059823848534,74.80318880338811,-400.0,10.08576654498804
1740192917263,2,-6.8404,2.1952,6.9677999999999995,-1.102,-1.919,-0.4598,22.0,22.0,-170.0,0.0,0.0,0.0,16247972.965653453,0.0,149.97059823848534,74.80318880338811,-400.0,10.008007396080401
1740192917312,2,-6.928599999999999,2.2736,6.9482,-1.6872,1.4592,0.5358,22.0,22.0,-170.0,0.0,0.0,0.0,16247972.965653453,0.0,150.54632727307904,74.80318880338811,-400.0,10.072350180568584
1740192917346,2,-6.8404,2.205,6.958,1.4744,1.1324,0.3496,22.0,22.0,-170.0,0.0,0.0,0.0,16247972.965653453,0.0,150.54632727307904,74.80318880338811,-400.0,10.003342499384893
1740192917433,2,-6.9482,2.2834,6.9482,-1.1058,2.1546,-0.5054,17.0,17.0,-171.0,0.0,0.0,0.0,16247972.965653453,0.0,149.68110379924266,74.80318880338811,-400.0,10.088056405472761
1740192917499,2,-6.859999999999999,2.1658,6.997199999999999,-0.57,-1.273,0.418,19.0,19.0,-171.0,0.0,0.0,0.0,16247972.965653453,0.0,151.20207014983123,74.80318880338811,-400.0,10.035491890286195
1740192917554,2,-6.9384,2.3226,6.909,-1.425,0.969,-0.9044,19.0,19.0,-173.0,0.0,0.0,0.0,16247972.965653453,0.0,151.20207014983123,74.80318880338811,-400.0,10.063306927645602
1740192917631,2,-6.859999999999999,2.1658,6.997199999999999,3.0742,-2.1584,0.247,19.0,19.0,-173.0,0.0,0.0,0.0,16247972.965653453,0.0,150.2194648311738,74.80318880338811,-400.0,10.035491890286195
1740192917664,2,-6.9482,2.2834,6.928599999999999,-1.4668,0.0494,-0.2888,18.0,18.0,-172.0,0.0,0.0,0.0,16247972.965653453,0.0,150.32691788792218,74.80318880338811,-400.0,10.074566827412482
1740192917684,2,-6.9482,2.2834,6.928599999999999,-3.439,-0.2812,0.152,18.0,18.0,-172.0,0.0,0.0,0.0,16247972.965653453,0.0,150.32691788792218,74.80318880338811,-400.0,10.074566827412482
1740192917740,2,-6.8208,2.2246,6.958,3.6974,0.5966,-0.2432,18.0,18.0,-172.0,0.0,0.0,0.0,16247972.965653453,0.0,150.32691788792218,74.80318880338811,-400.0,9.994294462342001
1740192917878,2,-6.811,2.254,6.9384,1.3984,-0.7372,0.0912,22.0,22.0,-172.0,0.0,0.0,0.0,16247972.965653453,0.0,151.0870065357377,74.80318880338811,-400.0,9.980562687544225
1740192917922,2,-6.9776,2.2148,6.9677999999999995,-2.0976,-1.0108,0.6916,22.0,22.0,-172.0,0.0,0.0,0.0,16247972.965653453,0.0,149.82647997035568,74.80318880338811,-400.0,10.106556171119815
1740192917950,2,-6.9776,2.2148,6.9677999999999995,-1.8734,0.4598,-0.0494,22.0,22.0,-172.0,0.0,0.0,0.0,16247972.965653453,0.0,149.82647997035568,74.80318880338811,-400.0,10.106556171119815
1740192917993,2,-6.8306,2.254,6.9482,1.1058,-0.1444,0.589,22.0,22.0,-174.0,0.0,0.0,0.0,16247972.965653453,0.0,150.36161631184865,74.80318880338811,-400.0,10.000754751517507
1740192918053,2,-6.9677999999999995,2.2344,6.9677999999999995,-1.5694,-1.881,-0.304,22.0,22.0,-174.0,0.0,0.0,0.0,16247972.965653453,0.0,150.36161631184865,74.80318880338811,-400.0,10.104108918652846
1740192918099,2,-6.8306,2.2344,6.9482,1.0678,1.786,-0.0494,21.0,21.0,-174.0,0.0,0.0,0.0,16247972.965653453,0.0,150.86158935974518,74.80318880338811,-400.0,9.99635548387511
1740192918166,2,-6.9677999999999995,2.2441999999999998,6.9677999999999995,-0.1026,-2.223,-0.6688,19.0,19.0,-174.0,0.0,0.0,0.0,16247972.965653453,0.0,150.86158935974518,74.80318880338811,-400.0,10.106280587832499
1740192918226,2,-6.8306,2.2441999999999998,6.9482,-1.0146,0.8056,0.1558,19.0,19.0,-174.0,0.0,0.0,0.0,16247972.965653453,0.0,150.61098853367966,74.80318880338811,-400.0,9.998550556955742
1740192918287,2,-6.9482,2.1952,6.9874,1.9494,-1.9266,-0.2052,21.0,21.0,-173.0,0.0,0.0,0.0,16247972.965653453,0.0,150.2194648311738,74.80318880338811,-400.0,10.095550754664156
1740192918353,2,-6.8404,2.3127999999999997,6.9188,-0.133,2.204,-0.0266,21.0,21.0,-173.0,0.0,0.0,0.0,16247972.965653453,0.0,150.2194648311738,74.80318880338811,-400.0,10.000495459725983
1740192918403,2,-6.9482,2.1755999999999998,6.997199999999999,2.5688,-1.5086,-0.1406,17.0,17.0,-172.0,0.0,0.0,0.0,16247972.965653453,0.0,149.57814783733218,74.80318880338811,-400.0,10.098095188697718
1740192918476,2,-6.8502,2.3127999999999997,6.8991999999999996,-0.9234,1.3794,0.0,20.0,20.0,-176.0,0.0,0.0,0.0,16247972.965653453,0.0,149.57814783733218,74.80318880338811,-400.0,9.993660216357167
1740192918531,2,-6.9384,2.1658,7.007,1.7822,-0.4864,0.1558,20.0,20.0,-176.0,0.0,0.0,0.0,16247972.965653453,0.0,150.39554925399509,74.80318880338811,-400.0,10.096045423828084
1740192918602,2,-6.859999999999999,2.3127999999999997,6.8991999999999996,-2.679,1.0526,0.2432,15.0,15.0,-174.0,0.0,0.0,0.0,16247972.965653453,0.0,150.61098853367966,74.80318880338811,-400.0,10.00038021677176
1740192918664,2,-6.909,2.156,7.007,1.235,-1.3072,-0.7372,21.0,21.0,-173.0,0.0,0.0,0.0,16247972.965653453,0.0,150.61098853367966,74.80318880338811,-400.0,10.073761263798144
1740192918747,2,-6.8991999999999996,2.3226,6.8991999999999996,-1.3718,1.2312,0.2128,21.0,21.0,-173.0,0.0,0.0,0.0,16247972.965653453,0.0,150.72092778582277,74.80318880338811,-400.0,10.029575865409264
1740192918807,2,-6.8894,2.1854,6.9874,-0.0798,-3.5416,-0.2584,16.0,16.0,-172.0,0.0,0.0,0.0,16247972.965653453,0.0,150.0760699749188,74.80318880338811,-400.0,10.053037564835815
1740192918873,2,-6.909,2.254,6.9677999999999995,1.6378,0.6194,-0.1102,17.0,17.0,-173.0,0.0,0.0,0.0,16247972.965653453,0.0,150.0760699749188,74.80318880338811,-400.0,10.068020353574976
1740192918922,2,-6.8894,2.2344,6.958,-0.5624,-2.5992,-0.0418,17.0,17.0,-173.0,0.0,0.0,0.0,16247972.965653453,0.0,149.72297506175022,74.80318880338811,-400.0,10.043412752645388
1740192918966,2,-6.8698,2.2736,6.9384,-2.2268,-0.1748,-0.4522,22.0,22.0,-172.0,0.0,0.0,0.0,16247972.965653453,0.0,149.72297506175022,74.80318880338811,-400.0,10.02984398084038
1740192919014,2,-6.8698,2.2736,6.9384,1.1628,1.3376,0.3154,22.0,22.0,-172.0,0.0,0.0,0.0,16247972.965653453,0.0,150.8323866204222,74.80318880338811,-400.0,10.02520840481633
1740192919074,2,-6.9188,2.1854,6.9874,-2.66,-1.0146,1.3072,19.0,19.0,-175.0,0.0,0.0,0.0,16247972.965653453,0.0,150.8323866204222,74.80318880338811,-400.0,10.073208295275146
1740192919108,2,-6.8796,2.3226,6.909,-0.8322,0.9082,-1.1704,19.0,19.0,-175.0,0.0,0.0,0.0,16247972.965653453,0.0,150.25511870305778,74.80318880338811,-400.0,10.022856275533437
1740192919191,2,-6.8991999999999996,2.1462,7.0168,0.5966,-1.0526,-0.2964,20.0,20.0,-171.0,0.0,0.0,0.0,16247972.965653453,0.0,150.25511870305778,74.80318880338811,-400.0,10.071773295701208
1740192919291,2,-6.8796,2.2246,6.9677999999999995,0.6308,0.0418,-0.3838,19.0,19.0,-173.0,0.0,0.0,0.0,16247972.965653453,0.0,149.68110379924266,74.80318880338811,-400.0,10.041313567457196
1740192919318,2,-6.8796,2.2246,6.9677999999999995,0.8398,-0.3382,-0.2584,19.0,19.0,-173.0,0.0,0.0,0.0,16247972.965653453,0.0,150.97352342910662,74.80318880338811,-400.0,10.041313567457196
1740192919374,2,-6.9188,2.205,6.9776,0.3116,-0.2546,0.6878,19.0,19.0,-171.0,0.0,0.0,0.0,16247972.965653453,0.0,150.43586188746679,74.80318880338811,-400.0,10.070686183175404
1740192919423,2,-6.8698,2.2932,6.9188,-2.7208,0.5016,0.437,19.0,19.0,-171.0,0.0,0.0,0.0,16247972.965653453,0.0,150.43586188746679,74.80318880338811,-400.0,10.016122589106025
1740192919494,2,-6.9188,2.1854,6.997199999999999,2.0748,0.1216,0.1482,21.0,21.0,-175.0,0.0,0.0,0.0,16247972.965653453,0.0,151.50436138175502,74.80318880338811,-400.0,10.080008652774064
1740192919570,2,-6.909,2.2736,6.9482,-3.3136,0.4636,0.3192,21.0,21.0,-173.0,0.0,0.0,0.0,16247972.965653453,0.0,151.50436138175502,74.80318880338811,-400.0,10.058877730641724
1740192919619,2,-6.859999999999999,2.2441999999999998,6.9482,1.0488,1.1172,0.1938,21.0,21.0,-173.0,0.0,0.0,0.0,16247972.965653453,0.0,150.97352342910662,74.80318880338811,-400.0,10.018658437136182
1740192919685,2,-6.9482,2.1854,6.997199999999999,-0.627,-1.425,-0.152,16.0,16.0,-174.0,0.0,0.0,0.0,16247972.965653453,0.0,150.97352342910662,74.80318880338811,-400.0,10.100211098784024
1740192919772,2,-6.8404,2.3226,6.8894,2.0672,-0.5016,0.2014,22.0,22.0,-173.0,0.0,0.0,0.0,16247972.965653453,0.0,150.36161631184865,74.80318880338811,-400.0,9.982453369788411
1740192919833,2,-6.9384,2.1364,7.0266,-3.3858,-1.9912,-0.0608,22.0,22.0,-173.0,0.0,0.0,0.0,16247972.965653453,0.0,150.46957476773287,74.80318880338811,-400.0,10.103400768058247
1740192919904,2,-6.9188,2.1266,7.0168,3.3022,-0.9576,0.1596,20.0,20.0,-174.0,0.0,0.0,0.0,16247972.965653453,0.0,151.1134182330893,74.80318880338811,-400.0,9.99600960783852
1740192919975,2,-6.8796,2.3618,6.8894,-4.1724,0.4902,0.304,22.0,22.0,-172.0,0.0,0.0,0.0,16247972.965653453,0.0,151.1134182330893,74.80318880338811,-400.0,10.018524230643953
1740192920033,2,-6.909,2.1069999999999998,7.0266,3.4086,-1.52,-0.3762,22.0,22.0,-172.0,0.0,0.0,0.0,16247972.965653453,0.0,150.8323866204222,74.80318880338811,-400.0,10.018524230643953
1740192920061,2,-6.909,2.1069999999999998,7.0266,-0.4446,-3.5226,-0.3534,22.0,22.0,-172.0,0.0,0.0,0.0,16247972.965653453,0.0,150.8323866204222,74.80318880338811,-400.0,10.077045080776408
1740192920122,2,-6.8894,2.401,6.859999999999999,-1.729,2.7968,0.9956,18.0,18.0,-175.0,0.0,0.0,0.0,16247972.965653453,0.0,151.25208570886042,74.80318880338811,-400.0,10.014401298130608
1740192920165,2,-6.909,2.0678,7.056,4.6132,-0.7942,-0.6536,18.0,18.0,-175.0,0.0,0.0,0.0,16247972.965653453,0.0,151.25208570886042,74.80318880338811,-400.0,10.076049086819694
1740192920222,2,-6.8894,2.4108,6.8404,-4.8792,1.5922,0.437,20.0,20.0,-173.0,0.0,0.0,0.0,16247972.965653453,0.0,149.72297506175022,74.80318880338811,-400.0,10.089460532654856
1740192920271,2,-6.8894,2.4108,6.8404,2.1584,1.197,0.1254,16.0,16.0,-175.0,0.0,0.0,0.0,16247972.965653453,0.0,149.72297506175022,74.80318880338811,-400.0,10.003342499384893
1740192920320,2,-6.8894,2.0776,7.056,0.7372,-3.9862,-0.1292,16.0,16.0,-175.0,0.0,0.0,0.0,16247972.965653453,0.0,150.50253879163162,74.80318880338811,-400.0,10.078064800347336
1740192920370,2,-6.9188,2.3813999999999997,6.8698,-2.3408,3.5492,-0.114,23.0,23.0,-173.0,0.0,0.0,0.0,16247972.965653453,0.0,150.50253879163162,74.80318880338811,-400.0,10.036683288816082
1740192920431,2,-6.8502,2.1266,7.007,3.4162,-1.8924,0.2166,23.0,23.0,-173.0,0.0,0.0,0.0,16247972.965653453,0.0,150.97352342910662,74.80318880338811,-400.0,10.027248705402693
1740192920506,2,-6.9384,2.3226,6.9188,-0.6802,3.4048,0.3268,24.0,24.0,-175.0,0.0,0.0,0.0,16247972.965653453,0.0,150.50253879163162,74.80318880338811,-400.0,10.070037674209566
1740192920556,2,-6.8404,2.1755999999999998,6.9776,0.2204,-1.52,0.3458,24.0,24.0,-175.0,0.0,0.0,0.0,16247972.965653453,0.0,150.50253879163162,74.80318880338811,-400.0,10.010554893710937
1740192920611,2,-6.9482,2.2834,6.9384,-1.2654,-0.1976,0.0988,21.0,21.0,-174.0,0.0,0.0,0.0,16247972.965653453,0.0,149.86655895418448,74.80318880338811,-400.0,10.081309109436134
1740192920689,2,-6.859999999999999,2.1952,6.9776,0.8208,-1.5314,-0.285,16.0,16.0,-174.0,0.0,0.0,0.0,16247972.965653453,0.0,150.36161631184865,74.80318880338811,-400.0,10.028230392247677
1740192920772,2,-6.9384,2.2736,6.9384,-1.0906,1.1096,1.7062,21.0,21.0,-170.0,0.0,0.0,0.0,16247972.965653453,0.0,150.36161631184865,74.80318880338811,-400.0,10.072340645550069
1740192920805,2,-6.859999999999999,2.2148,6.958,0.3154,0.1976,0.0228,21.0,21.0,-170.0,0.0,0.0,0.0,16247972.965653453,0.0,149.78549168336812,74.80318880338811,-400.0,10.01891725886585
1740192920844,2,-6.859999999999999,2.2638,6.9384,-0.931,-0.6612,0.5054,21.0,21.0,-170.0,0.0,0.0,0.0,16247972.965653453,0.0,149.78549168336812,74.80318880338811,-400.0,10.01891725886585
1740192920945,2,-6.859999999999999,2.205,6.9384,0.1292,-0.8816,-0.266,20.0,20.0,-172.0,0.0,0.0,0.0,16247972.965653453,0.0,150.32691788792218,74.80318880338811,-400.0,10.003150481723244
1740192921014,2,-6.9188,2.254,6.9482,-0.3686,0.9728,-0.228,19.0,19.0,-176.0,0.0,0.0,0.0,16247972.965653453,0.0,150.39554925399509,74.80318880338811,-400.0,10.061202347632216
1740192921099,2,-6.9188,2.2736,6.928599999999999,-0.5168,-0.8474,-0.418,18.0,18.0,-173.0,0.0,0.0,0.0,16247972.965653453,0.0,150.39554925399509,74.80318880338811,-400.0,10.052091740528436
1740192921171,2,-6.8698,2.1952,6.9677999999999995,1.3034,0.2508,0.6422,17.0,17.0,-172.0,0.0,0.0,0.0,16247972.965653453,0.0,150.2194648311738,74.80318880338811,-400.0,10.02812504509193
1740192921209,2,-6.8698,2.1952,6.9677999999999995,0.6042,-2.6068,-0.5092,17.0,17.0,-172.0,0.0,0.0,0.0,16247972.965653453,0.0,150.57902355375086,74.80318880338811,-400.0,10.02812504509193
1740192921292,2,-6.859999999999999,2.2148,6.958,0.1748,0.7638,0.0114,17.0,17.0,-173.0,0.0,0.0,0.0,16247972.965653453,0.0,150.46957476773287,74.80318880338811,-400.0,10.01891725886585
1740192921359,2,-6.9384,2.2441999999999998,6.9482,-0.722,-0.3154,-0.5206,17.0,17.0,-173.0,0.0,0.0,0.0,16247972.965653453,0.0,150.46957476773287,74.80318880338811,-400.0,10.072502739637255
1740192921413,2,-6.9384,2.2344,6.9482,-0.9348,0.9386,0.1254,17.0,17.0,-174.0,0.0,0.0,0.0,16247972.965653453,0.0,151.1134182330893,74.80318880338811,-400.0,10.070323786254344
1740192921452,2,-6.859999999999999,2.2344,6.9482,0.95,0.3914,0.0722,17.0,17.0,-174.0,0.0,0.0,0.0,16247972.965653453,0.0,151.1134182330893,74.80318880338811,-400.0,10.016467770626528
1740192921523,2,-6.928599999999999,2.2344,6.958,-0.5776,0.3762,0.1368,18.0,18.0,-173.0,0.0,0.0,0.0,16247972.965653453,0.0,150.46957476773287,74.80318880338811,-400.0,10.070342860101634
1740192921583,2,-6.859999999999999,2.254,6.9482,1.6074,-1.5466,-0.2128,18.0,18.0,-175.0,0.0,0.0,0.0,16247972.965653453,0.0,150.46957476773287,74.80318880338811,-400.0,10.020858208756373
1740192921644,2,-6.9384,2.2344,6.9677999999999995,-2.299,-0.2926,0.4218,18.0,18.0,-175.0,0.0,0.0,0.0,16247972.965653453,0.0,150.75117366345302,74.80318880338811,-400.0,10.083857137028469
1740192921714,2,-6.8404,2.2148,6.9677999999999995,-0.1824,-1.5048,-0.057,21.0,21.0,-172.0,0.0,0.0,0.0,16247972.965653453,0.0,150.0760699749188,74.80318880338811,-400.0,10.012324806956673
1740192921786,2,-6.8502,2.205,6.958,0.6384,1.0412,0.0076,21.0,21.0,-172.0,0.0,0.0,0.0,16247972.965653453,0.0,150.0760699749188,74.80318880338811,-400.0,10.072340645550069
1740192921880,2,-6.9384,2.2638,6.9482,-2.2344,-1.235,-0.855,18.0,18.0,-172.0,0.0,0.0,0.0,16247972.965653453,0.0,150.8323866204222,74.80318880338811,-400.0,10.076887825117435
1740192921911,2,-6.8404,2.2148,6.9482,0.5206,2.5916,0.5282,18.0,18.0,-172.0,0.0,0.0,0.0,16247972.965653453,0.0,151.34288254344187,74.80318880338811,-400.0,10.076887825117435
1740192921939,2,-6.8404,2.2148,6.9482,1.6454,-0.1862,0.8284,18.0,18.0,-172.0,0.0,0.0,0.0,16247972.965653453,0.0,151.34288254344187,74.80318880338811,-400.0,9.998694636801346
1740192921983,2,-6.9482,2.2638,6.9482,-0.8284,-1.4022,-0.6042,19.0,19.0,-173.0,0.0,0.0,0.0,16247972.965653453,0.0,151.34288254344187,74.80318880338811,-400.0,10.08363807958219
1740192922014,2,-6.9482,2.2638,6.9482,-2.1014,-0.5016,-0.7866,19.0,19.0,-173.0,0.0,0.0,0.0,16247972.965653453,0.0,149.97059823848534,74.80318880338811,-400.0,10.08363807958219
1740192922064,2,-6.8306,2.205,6.958,2.8918,0.5434,-1.0944,19.0,19.0,-173.0,0.0,0.0,0.0,16247972.965653453,0.0,149.97059823848534,74.80318880338811,-400.0,9.996643704764114
1740192922186,2,-6.8306,2.2246,6.958,0.3078,-0.7106,0.3496,19.0,19.0,-173.0,0.0,0.0,0.0,16247972.965653453,0.0,149.68110379924266,74.80318880338811,-400.0,10.000985227466343
1740192922247,2,-6.958,2.205,6.9776,0.7562,-1.729,-0.5092,19.0,19.0,-173.0,0.0,0.0,0.0,16247972.965653453,0.0,150.46957476773287,74.80318880338811,-400.0,10.097657686810342
1740192922312,2,-6.8502,2.303,6.909,0.8322,1.6454,0.1558,19.0,19.0,-172.0,0.0,0.0,0.0,16247972.965653453,0.0,150.57902355375086,74.80318880338811,-400.0,9.998166333883429
1740192922352,2,-6.8502,2.156,7.007,2.223,-1.805,0.1634,19.0,19.0,-172.0,0.0,0.0,0.0,16247972.965653453,0.0,150.57902355375086,74.80318880338811,-400.0,10.033525055532577
1740192922451,2,-6.8502,2.303,6.909,0.4218,1.8924,-0.0038,17.0,17.0,-174.0,0.0,0.0,0.0,16247972.965653453,0.0,150.36161631184865,74.80318880338811,-400.0,9.998166333883429
1740192922539,2,-6.8698,2.2834,6.928599999999999,-2.223,-0.8094,0.2394,17.0,17.0,-173.0,0.0,0.0,0.0,16247972.965653453,0.0,149.97059823848534,74.80318880338811,-400.0,10.089312989495369
1740192922588,2,-6.8698,2.2834,6.928599999999999,1.5694,-1.1134,0.0228,19.0,19.0,-173.0,0.0,0.0,0.0,16247972.965653453,0.0,149.97059823848534,74.80318880338811,-400.0,10.020656942536252
1740192922656,2,-6.928599999999999,2.1854,6.997199999999999,-2.0634,0.6536,-0.4788,19.0,19.0,-173.0,0.0,0.0,0.0,16247972.965653453,0.0,149.97059823848534,74.80318880338811,-400.0,10.086737775911496
1740192922706,2,-6.8796,2.2834,6.928599999999999,2.0406,1.3528,-0.5016,20.0,20.0,-175.0,0.0,0.0,0.0,16247972.965653453,0.0,150.00891367665866,74.80318880338811,-400.0,10.027378006238719
1740192922772,2,-6.928599999999999,2.1755999999999998,6.9874,-0.7714,-1.9684,-0.589,20.0,20.0,-175.0,0.0,0.0,0.0,16247972.965653453,0.0,150.00891367665866,74.80318880338811,-400.0,10.07782179243114
1740192922821,2,-6.859999999999999,2.2736,6.928599999999999,1.4174,0.7448,-0.4104,18.0,18.0,-172.0,0.0,0.0,0.0,16247972.965653453,0.0,149.33107335028507,74.80318880338811,-400.0,10.011710888754228
1740192922854,2,-6.9188,2.205,6.9677999999999995,-0.5738,-0.5434,0.228,18.0,18.0,-172.0,0.0,0.0,0.0,16247972.965653453,0.0,149.33107335028507,74.80318880338811,-400.0,10.063898612366879
1740192922914,2,-6.8698,2.2441999999999998,6.9384,-0.1634,-0.2052,0.2166,16.0,16.0,-172.0,0.0,0.0,0.0,16247972.965653453,0.0,150.0760699749188,74.80318880338811,-400.0,10.063898612366879
1740192922947,2,-6.8698,2.2441999999999998,6.9384,0.361,0.171,-0.209,16.0,16.0,-172.0,0.0,0.0,0.0,16247972.965653453,0.0,150.0760699749188,74.80318880338811,-400.0,10.018581747932188
1740192923006,2,-6.909,2.2344,6.9677999999999995,0.513,-1.0488,-0.3534,18.0,18.0,-170.0,0.0,0.0,0.0,16247972.965653453,0.0,150.03781590358227,74.80318880338811,-400.0,10.063650490751355
1740192923082,2,-6.8796,2.2246,6.958,1.3642,-0.285,-0.76,21.0,21.0,-172.0,0.0,0.0,0.0,16247972.965653453,0.0,150.03781590358227,74.80318880338811,-400.0,10.034515699325006
1740192923143,2,-6.8991999999999996,2.2246,6.958,-0.7866,0.3686,0.0836,21.0,21.0,-172.0,0.0,0.0,0.0,16247972.965653453,0.0,150.32691788792218,74.80318880338811,-400.0,10.047963465299821
1740192923214,2,-6.8894,2.2441999999999998,6.9677999999999995,0.076,0.4484,0.494,19.0,19.0,-174.0,0.0,0.0,0.0,16247972.965653453,0.0,150.32691788792218,74.80318880338811,-400.0,10.052387917306017
1740192923253,2,-6.8991999999999996,2.2441999999999998,6.958,-0.4256,-0.5206,0.7372,19.0,19.0,-174.0,0.0,0.0,0.0,16247972.965653453,0.0,150.11347305957597,74.80318880338811,-400.0,10.052321039441587
1740192923343,2,-6.8894,2.2344,6.958,0.855,-0.1368,-0.5244,19.0,19.0,-171.0,0.0,0.0,0.0,16247972.965653453,0.0,149.43206293613594,74.80318880338811,-400.0,10.043412752645388
1740192923403,2,-6.8991999999999996,2.2344,6.958,-1.406,-0.8018,0.513,21.0,21.0,-175.0,0.0,0.0,0.0,16247972.965653453,0.0,150.25511870305778,74.80318880338811,-400.0,10.050137710499294
1740192923460,2,-6.8796,2.2441999999999998,6.958,0.3648,-0.2964,0.266,21.0,21.0,-175.0,0.0,0.0,0.0,16247972.965653453,0.0,150.25511870305778,74.80318880338811,-400.0,10.038879110737414
1740192923515,2,-6.8894,2.2148,6.9677999999999995,0.5282,-0.3648,0.6194,20.0,20.0,-173.0,0.0,0.0,0.0,16247972.965653453,0.0,151.2273610435155,74.80318880338811,-400.0,10.045865231029133
1740192923554,2,-6.8894,2.2638,6.9188,-1.4364,-0.8436,0.5282,20.0,20.0,-173.0,0.0,0.0,0.0,16247972.965653453,0.0,151.2273610435155,74.80318880338811,-400.0,10.022894603855715
1740192923608,2,-6.8894,2.1952,6.9776,0.399,0.9956,0.6878,18.0,18.0,-173.0,0.0,0.0,0.0,16247972.965653453,0.0,149.97059823848534,74.80318880338811,-400.0,10.022894603855715
1740192923660,2,-6.8894,2.1952,6.9776,0.7866,-0.5092,-0.1824,18.0,18.0,-173.0,0.0,0.0,0.0,16247972.965653453,0.0,149.97059823848534,74.80318880338811,-400.0,10.048364899823255
1740192923738,2,-6.8698,2.205,6.958,0.4712,0.969,0.3648,16.0,16.0,-172.0,0.0,0.0,0.0,16247972.965653453,0.0,150.57902355375086,74.80318880338811,-400.0,10.023469511102432
1740192923809,2,-6.928599999999999,2.254,6.9384,0.171,-0.8968,-0.4674,18.0,18.0,-175.0,0.0,0.0,0.0,16247972.965653453,0.0,150.57902355375086,74.80318880338811,-400.0,10.061183256456468
1740192923870,2,-6.8698,2.2441999999999998,6.9482,-0.1672,0.5966,-0.285,18.0,18.0,-175.0,0.0,0.0,0.0,16247972.965653453,0.0,151.50436138175502,74.80318880338811,-400.0,10.025371260955875
1740192923909,2,-6.8698,2.2441999999999998,6.9482,0.475,0.247,0.5434,19.0,19.0,-174.0,0.0,0.0,0.0,16247972.965653453,0.0,150.36161631184865,74.80318880338811,-400.0,10.025371260955875
1740192923955,2,-6.9188,2.1952,6.9874,-1.2502,-0.2812,0.3876,19.0,19.0,-174.0,0.0,0.0,0.0,16247972.965653453,0.0,150.36161631184865,74.80318880338811,-400.0,10.075338964024983
1740192923999,2,-6.8796,2.2834,6.928599999999999,-1.254,1.2502,-0.171,20.0,20.0,-173.0,0.0,0.0,0.0,16247972.965653453,0.0,150.36161631184865,74.80318880338811,-400.0,10.027378006238719
1740192924060,2,-6.909,2.1952,6.9776,-1.653,-0.7752,-0.5852,20.0,20.0,-173.0,0.0,0.0,0.0,16247972.965653453,0.0,150.97352342910662,74.80318880338811,-400.0,10.061813246130143
1740192924138,2,-6.8796,2.2441999999999998,6.9384,-2.4092,2.3864,1.4212,19.0,19.0,-171.0,0.0,0.0,0.0,16247972.965653453,0.0,150.18300322255814,74.80318880338811,-400.0,10.025304202865867
1740192924199,2,-6.909,2.2148,6.9677999999999995,0.4332,-1.026,2.47,21.0,21.0,-172.0,0.0,0.0,0.0,16247972.965653453,0.0,150.18300322255814,74.80318880338811,-400.0,10.059316919155098
1740192924280,2,-6.909,2.2638,6.9384,-0.1862,3.3212,4.1952,21.0,21.0,-172.0,0.0,0.0,0.0,16247972.965653453,0.0,150.32691788792218,74.80318880338811,-400.0,10.04989880546068
